brand,modelYear,model,itemType,partNo,dateCode,price,stock,active
Jaguar,2022,I-Pace,取扱説明書,JJM 56 02 42 221,,1350,2,true
Jaguar,2022,全車共通,車検証入れ,TSH 400,,1350,597,true
Jaguar,2021,F-TYPE,取扱説明書,JJM 56 02 35 211,,1350,2,true
Jaguar,2021,XF,取扱説明書,JJM 56 02 37 211,,1350,2,true
Jaguar,2021,F-Pace,取扱説明書,JJM 56 02 38 211,,1350,0,true
Jaguar,2021,I-Pace,取扱説明書,JJM 56 02 42 211,,1350,4,true
Jaguar,2020,F-TYPE,取扱説明書,JJM 56 02 35 201,,1350,1,true
Jaguar,2020,XF,取扱説明書,JJM 56 02 37 201,,1350,2,true
Jaguar,2020,I-Pace,取扱説明書,JJM 56 02 42 201,,1350,2,true
Jaguar,2019,F-TYPE,取扱説明書,JJM 56 02 35 191,X152,1350,7,true
Jaguar,2019,XE,取扱説明書,JJM 56 02 36 191,X760,1350,1,true
Jaguar,2019,XF,取扱説明書,JJM 56 02 37 191,X260,1350,1,true
Jaguar,2019,XJ,取扱説明書,JJM 56 02 34 191,X351,1350,1,true
Jaguar,2019,F-Pace,取扱説明書,JJM 56 02 38 191,X761,1350,1,true
Jaguar,2019,E-Pace,取扱説明書,JJM 56 02 41 191,X540,1350,2,true
Jaguar,2019,I-Pace,取扱説明書,JJM 56 02 42 192,X590,1350,7,true
Jaguar,2018,全車共通,整備記録簿,JJM WMM 2018 03,,1350,24,true
Jaguar,2018,XE,取扱説明書,JJM 56 02 36 181,,1350,1,true
Jaguar,2018,F-Pace,取扱説明書,JJM 56 02 38 181,,1350,1,true
Jaguar,2017,F-TYPE,取扱説明書,JJM 56 02 35 171,X152,1350,1,true
Jaguar,2017,XE,取扱説明書,JJM 56 02 36 171,,1350,0,true
Jaguar,2017,XE,クイックガイド,JJM 56 96 36 171,,1350,127,true
Jaguar,2017,XF,取扱説明書,JJM 56 02 37 171,,1350,58,true
Jaguar,2017,全車共通,ETC2.0車載器取扱説明書,JJM ETC 2017 08,,1350,24,true
Jaguar,2017,全車共通,保証書/整備記録簿統一本,JJM WMM 2017 02,,1350,36,true
Jaguar,2016,F-TYPE,取扱説明書,JJM 56 02 35 161 MR01,OH507-F,1350,43,true
Jaguar,2016,F-TYPE,クイックガイド,JJM 56 96 35 161 MR01,,1350,37,true
Jaguar,2016,F-TYPE,ナビ取扱説明書,JJM 152 2016 07,,1350,29,true
Jaguar,2016,XE,取扱説明書,JJM 56 02 36 161 MR02,OH602-XE,1350,25,true
Jaguar,2016,XE,クイックガイド,JJM 56 96 36 161 MR02,,1350,48,true
Jaguar,2016,XE,ナビ取扱説明書,JJM 760 2015 11,,1350,26,true
Jaguar,2016,XE,ナビ取扱説明書,JJM 760 2016 02,,1350,33,true
Jaguar,2016,XF,取扱説明書,JJM 56 01 37 161,,1350,2,true
Jaguar,2016,XF,取扱説明書,JJM 56 01 37 161 MR01,OH604-XF,1350,22,true
Jaguar,2016,XF,クイックガイド,JJM 56 95 37 161 MR01,,1350,28,true
Jaguar,2016,XJ,取扱説明書,JJM 56 02 34 161,,1350,1,true
Jaguar,2016,XJ,取扱説明書,JJM 56 02 34 161 MR01,,1350,20,true
Jaguar,2016,XJ,クイックガイド,JJM 56 96 34 161 MR01,,1350,27,true
Jaguar,2016,XJ,リヤシートエンターテインメント,JJM 56 53 34 161,,1350,29,true
Jaguar,2016,全車共通,B-CASカード使用許諾契約約款,JJM BCC 2016 02,,1350,30,true
Jaguar,2015,F-TYPE,取扱説明書,JJM 56 02 35 151 MR01,OH501-F,1350,12,true
Jaguar,2015,F-TYPE,クイックガイド,JJM 17 96 35 151 MR01,,1350,13,true
Jaguar,2015,XK,取扱説明書,JJM 56 02 30 151,OH404-XK,1350,20,true
Jaguar,2015,XK,クイックガイド,JJM 17 96 30 151,,1350,20,true
Jaguar,2015,XF,取扱説明書,JJM 56 02 40 151 MR01,OH412-XF,1350,10,true
Jaguar,2015,XF,クイックガイド,JJM 56 96 40 151 MR01,,1350,14,true
Jaguar,2015,XF,ナビ取扱説明書,JJM 250 2015 07,,1350,33,true
Jaguar,2015,全車共通,ネットワーク,JNW 15 02,,1350,1,true
Jaguar,2015,全車共通,整備記録簿,JJM WMM 2014 07,,1350,1,true
Jaguar,2014,F-TYPE,取扱説明書,JJM560235142 MR01,OH311-F,1350,22,true
Jaguar,2014,F-TYPE,クイックガイド,JJM179635142 MR01,,1350,24,true
Jaguar,2014,F-TYPE,ナビ取扱説明書,JJMX1522013 MR01,,1350,2,true
Jaguar,2014,F-TYPE,ナビ取扱説明書,JJM 152 2015 05 MR02,,1350,4,true
Jaguar,2014,XK,"取扱説明書（MY13, 14）",JJM 17 02 30 131 SR01,OH307-XK,1350,20,true
Jaguar,2014,XK,"クイックガイド（MY13, 14）",JJM 17 96 30 121 SR01,QG307-XK,1350,20,true
Jaguar,2014,XF,取扱説明書,JJM 56 02 40 142,OH311-XF,1350,19,true
Jaguar,2014,XF,クイックガイド,JJM 17 96 40 141,,1350,25,true
Jaguar,2014,XJ,取扱説明書,JJM 56 02 34 141,,1350,26,true
Jaguar,2014,XJ,クイックガイド,JJM 17 96 34 141,,1350,30,true
Jaguar,2014,XJ,リヤシートエンターテインメント,JJM 17 53 34 141,,1350,20,true
Jaguar,2014,全車共通,B-CASカード約款,JJMBCC201408,,1350,17,true
Jaguar,2014,全車共通,整備記録簿,JJM WMM 2013 12,,1350,20,true
Jaguar,2014,全車共通,整備記録簿（XK以外の13年度モデルにも使用可）,JJM172399202,MR305F,1350,22,true
Jaguar,2014,全車共通,ネットワーク,JNW 14 06,,1350,5,true
Jaguar,2013,XK,取扱説明書,JJM170230131,OH205-XK,1350,16,true
Jaguar,2013,XK,クイックガイド,JJM179630121,QG107-XK,1350,19,true
Jaguar,2013,XK,ナビ取扱説明書,JJM 17 05 30 013,NH108-XH,1350,5,true
Jaguar,2013,XK,ナビ取扱説明書,JJM 17 05 30 013,NH207-XH,1350,14,true
Jaguar,2013,XK,ナビ取扱説明書,JJM 151 2013 08 SR01,,1350,40,true
Jaguar,2013,XJ,取扱説明書,JJM 17 02 34 131,OH304-XJ,1350,2,true
Jaguar,2013,XJ,クイックガイド,JJM179634131,,1350,20,true
Jaguar,2013,XJ,リヤシートエンターテインメント,JJM 17 53 34 131,,1350,9,true
Jaguar,2013,XJ,ナビゲーション,JJM X351 2013,210-XJ,1350,3,true
Jaguar,2013,XJ,ナビゲーション,JJM X351 2013,210-XJ,1350,2,true
Jaguar,2013,XJ,ナビゲーション,JJM X351 2013A,304-XJ,1350,28,true
Jaguar,2013,XJ,ナビゲーション,JJM X351 2013A,304-XJ,1350,8,true
Jaguar,2013,XF,クイックガイド,JJM179640131 MR01,,1350,12,true
Jaguar,2013,全車共通,整備記録簿,JJM172399201,MR210,1350,35,true
Jaguar,2013,全車共通,整備記録簿,JJM172399201,MR302,1350,5,true
Jaguar,2013,全車共通,保証書/整備記録簿統一本,JJM WMM 2013 12,,1350,10,true
Jaguar,2012,XJ,取扱説明書,JJM 17 02 34 121,OH107-XJ,1350,9,true
Jaguar,2012,XJ,クイックガイド,JJM179634121,QG107-XJ,1350,5,true
Jaguar,2012,XF,取扱説明書,JJM 17 02 40 122,OH108-XF,1350,13,true
Jaguar,2012,XF,クイックガイド,JJM179640121,QG108-XF,1350,3,true
Jaguar,2012,XK,ナビ取扱説明書,JJM 17 05 30 002,NH108-XH,1350,1,true
Jaguar,2011,XＪ,取扱説明書,JJM 17 02 34 112 MR01,OH010-XJ,1350,10,true
Jaguar,2011,XK,共通版 ナビ取扱説明書,JJM 17 05 26 901,TS910-C,1350,4,true
Jaguar,2011,XF,Quick start guide,JJM 17 96 40 111,QG012-XF,1350,1,true
Jaguar,2011,XF,Navigation 取説,JJM 17 05 40 001,NH006-XF,1350,3,true
Jaguar,2010,XJ (X351),取扱説明書,JJM 17 02 34 101,OH008-XJ,1350,1,true
Jaguar,2010,XJ (X351),取扱説明書,JJM 17 02 34 112,OH010-XJ,1350,3,true
Jaguar,2010,XJ (X351),Quick start guide,JJM 17 96 34 101,QG003-XJ,1350,23,true
Jaguar,2010,XJ (X351),Quick start guide,JJM 17 96 34 101,QG008-XJ,1350,4,true
Jaguar,2010,XJ (X351),Quick start guide,JJM 17 96 34 111,QG011-XJ,1350,3,true
Jaguar,2010,XF,取扱説明書,JJM 17 02 40 101,OH906-XF,1350,5,true
Jaguar,2010,XF,取扱説明書,JJM 17 02 40 101,OH001-XF,1350,3,true
Jaguar,2010,XF,クイックガイド,JJM 17 96 40 101,QG906-XF,1350,8,true
Jaguar,2010,XF,クイックガイド,JJM 17 96 40 101,QG001-XF,1350,5,true
Jaguar,2010,XF,ナビゲーションハンドブック,JJM 17 05 40 901,NH906-XF,1350,10,true
Jaguar,2010,XF,ナビゲーションハンドブック,JJM 17 05 40 001,NH006-XF,1350,4,true
Jaguar,2010,XK,クイックガイド,JJM 17 96 30 101,QG005-XK,1350,4,true
Jaguar,2010,XK,クイックガイド,JJM 17 96 30 101,QG905-XK,1350,2,true
Jaguar,2010,XK,Quick start guide,JJM 17 96 30 101,QG101-XK,1350,5,true
Jaguar,2010,XK,ナビゲーションハンドブック,JJM 17 05 30 001,NH006-XK,1350,2,true
Jaguar,2010,全車共通,ジャガーネットワーク,JJM 17 70 99 001,JN004-C,1350,7,true
Jaguar,2009,XJ (X350),取扱説明書,JJM 17 02 21 901,OH808-XJ,1350,19,true
Jaguar,2009,XJ (X350),取扱説明書,JJM 17 02 21 901,OH807-XJ,1350,1,true
Jaguar,2009,XJ (X350),クイックガイド,JJM 17 20 21 901,QG808-XJ,1350,21,true
Jaguar,2009,XJ (X350),クイックガイド,JJM 17 20 21 901,QG807-XJ,1350,1,true
Jaguar,2009,XJ (X350),取扱説明書 - デイムラー,JJM 17 02 28 801,OH708-D,1350,2,true
Jaguar,2009,XJ (X350),クイックガイド - デイムラー,JJM 17 20 28 801,QG708-D,1350,4,true
Jaguar,2009,XJ (X350),ナビゲーションシステム取説 （XJ、X共通）,JJM 17 05 26 901,TS908-C,1350,7,true
Jaguar,2009,XJ (X350),ナビゲーションシステム取説 （XJ、X共通）,JJM 17 05 26 801,TS807-C,1350,4,true
Jaguar,2009,XJ (X350),ナビゲーションシステム取説 （XJ、X共通）,JJM 17 05 26 801,TS802-C,1350,19,true
Jaguar,2009,XJ (X350),ナビゲーションシステム取説 （XJ、X共通）,JJM 17 05 26 801,TS801-C,1350,8,true
Jaguar,2009,XJ (X350),リヤシートエンターテインメント取扱説明書,JJM 17 46 21 801,RE808-XJ,1350,5,true
Jaguar,2009,XF,クイックガイド,JJM 17 20 40 901,QG904-XF,1350,5,true
Jaguar,2009,XF,クイックガイド,JJM 17 20 40 901,QG807-XF,1350,14,true
Jaguar,2009,XF,クイックガイド,JJM 17 20 40 901,QG806-XF,1350,13,true
Jaguar,2009,X-type,取扱説明書,JJM 17 02 20 901,OH808-X,1350,9,true
Jaguar,2009,X-type,クイックガイド,JJM 17 20 20 901,QG808-X,1350,14,true
Jaguar,2009,XK,取扱説明書,JJM 17 02 30 901,OH808-XK,1350,2,true
Jaguar,2009,XK,クイックガイド,JJM 17 20 30 901,QG808-XK,1350,6,true
Jaguar,2009,全車共通,納車時チェックシート,2008.03,,1350,9,true
Jaguar,2009,全車共通,ジャガーネットワーク,JJM 17 70 99 902,JN905-C,1350,13,true
Jaguar,2009,全車共通,車検証入れ,TSH709,,1350,20,true
Jaguar,2008,XJ,クイックガイド,JJM 17 20 21 801,QG803-XJ,1350,1,true
Jaguar,2008,XJ,クイックガイド,JJM 17 20 21 801,QG802-XJ,1350,2,true
Jaguar,2008,XJ,クイックガイド,JJM 17 20 21 801,QG711-XJ,1350,1,true
Jaguar,2008,XJ,クイックガイド,JJM 17 20 21 801,QG707-XJ,1350,3,true
Jaguar,2008,XJ,クイックガイド,JJM 17 20 21 801,QG706-XJ,1350,7,true
Jaguar,2008,XJ,ナビゲーションシステム取説 （XJ、X共通）,JJM 17 05 26 801,TS810-C,1350,2,true
Jaguar,2008,XJ,ナビゲーションシステム取説 （XJ、X共通）,JJM 17 05 26 801,TS707-C,1350,13,true
Jaguar,2008,XJ,整備手帳,JJM 17 23 99 801,MR8064C,1350,7,true
Jaguar,2008,XF,ナビゲーションシステム取扱説明書,JJM 17 05 40 801,NH805-XF,1350,3,true
Jaguar,2008,XF,ナビゲーションシステム取扱説明書,JJM 17 05 40 801,NS801-XF,1350,2,true
Jaguar,2008,XF,整備手帳,JJM 17 23 99 801,MR806-C,1350,1,true
Jaguar,2008,X-type,取扱説明書,JJM 17 02 20 801,OH711-X,1350,1,true
Jaguar,2008,X-type,クイックガイド,JJM 17 20 20 801,QG808-X,1350,6,true
Jaguar,2008,XK,取扱説明書 （801）,JJM 17 02 30 801 A,,1350,7,true
Jaguar,2008,XK,クイックガイド （801）,JJM 17 20 30 801 A,,1350,1,true
Jaguar,2007,XJ,取扱説明書,JJM 17 02 21 701,OH612-XJ,1350,1,true
Jaguar,2007,XJ,取扱説明書,JJM 17 02 21 701,OH701-XJ,1350,3,true
Jaguar,2007,XJ,取扱説明書,JJM 17 02 21 701,OH708-XJ,1350,3,true
Jaguar,2007,XJ,クイックガイド,JJM 17 20 21 701,,1350,22,true
Jaguar,2007,XJ,取扱説明書,JJM 17 02 21 701,OH701-XJ,1350,71,true
Jaguar,2007,XJ,クイックガイド,JJM 17 20 21 701,QG701-XJ,1350,71,true
Jaguar,2007,XJ,タッチスクリーンシステム取説 （XJ、S、X共通）,JJM 17 45 26 751,TS701-C,1350,17,true
Jaguar,2007,XJ,Dai タッチスクリーンシステム取扱説明書,JJM 17 45 21 701,TNS 709X 35A,1350,6,true
Jaguar,2007,XJ,リヤマルチメディアシステム取扱説明書,JJM 17 46 21 701,RH701-XJ,1350,5,true
Jaguar,2007,S-type,取扱説明書,JJM 17 02 16 701,TOH 710X 20A,1350,2,true
Jaguar,2007,S-type,取扱説明書,JJM 17 02 16 701,OH612-S,1350,1,true
Jaguar,2007,S-type,クイックガイド,JJM 17 20 16 701,TQH 708X 20A,1350,5,true
Jaguar,2007,S-type,クイックガイド,JJM 17 20 16 701,TQH 710X 20A,1350,7,true
Jaguar,2007,S-type,クイックガイド,JJM 17 20 16 701,QH612-S,1350,6,true
Jaguar,2007,S-type,取扱説明書,JJM 17 02 16 701,OH701-S,1350,55,true
Jaguar,2007,S-type,クイックガイド,JJM 17 20 16 701,QG701-S,1350,50,true
Jaguar,2007,X-type,取扱説明書,JJM 17 02 20 701,,1350,7,true
Jaguar,2007,X-type,クイックガイド,JJM 17 20 20 701,QG706-X,1350,1,true
Jaguar,2007,X-type,クイックガイド,JJM 17 20 20 701,QG701-X,1350,5,true
Jaguar,2007,X-type,クイックガイド,JJM 17 20 20 701,QG612-X,1350,2,true
Jaguar,2007,X-type,クイックガイド,JJM 17 20 20 701,QG611-X,1350,5,true
Jaguar,2007,X-type,タッチスクリーンシステム取説 （X専用）,JJM 17 05 20 701,TS611-X,1350,4,true
Jaguar,2007,X-type,タッチスクリーンシステム取説 （X専用）,JJM 17 05 20 701,TNS 708X 40A,1350,1,true
Jaguar,2007,X-type,整備手帳,JJM 17 23 20 601,,1350,1,true
Jaguar,2007,XK,クイックガイド （652）,JJM 17 20 30 652 A,,1350,1,true
Jaguar,2007,XK,クイックガイド （701）,JJM 17 20 30 701 A,,1350,2,true
Jaguar,2007,XK,ナビゲーションシステム取扱説明書,JJM 17 05 30 701,,1350,6,true
Jaguar,2006,XJ （X350）,クイックガイド,JJM 17 20 21 601,,1350,11,true
Jaguar,2006,XJ （X350）,タッチスクリーン取扱説明書,JJM 17 45 21 601,,1350,4,true
Jaguar,2006,XJ （X350）,リアマルチメディアクイックガイド,JJM 17 48 21 30,,1350,9,true
Jaguar,2006,S-Type,クイックガイド,JJM 17 20 16 601,TQG 607X 20A,1350,5,true
Jaguar,2006,S-Type,タッチスクリーンシステム取扱説明書,JJM 17 45 16 601,,1350,6,true
Jaguar,2006,X-Type Saloon,取扱説明書,JJM 17 02 20 601,,1350,5,true
Jaguar,2006,X-Type Saloon,クイックガイド,JJM 17 20 20 601,,1350,22,true
Jaguar,2006,X-Type Estate,整備手帳,JJM 17 23 96 651,,1350,4,true
Jaguar,2005,XJ （X350）,クイックガイド LWB,JJM 17 20 21 501,,1350,3,true
Jaguar,2005,XJ （X350）,タッチスクリーン取扱説明書,JJM 17 45 21 40,,1350,1,true
Jaguar,2005,S-Type,クイックガイド,JJM 17 20 16 501,,1350,5,true
Jaguar,2005,X-Type Saloon,オーディオ&エアコンハンドブック,JJM 17 37 20 551,,1350,16,true
Jaguar,2005,X-Type Estate,取扱説明書,JJM 17 02 20 551,,1350,7,true
Jaguar,2005,X-Type Estate,クイックガイド,JJM 17 20 20 551,,1350,13,true
Jaguar,2004,XJ （X350）,取扱説明書,JJM 17 02 21 35,,1350,1,true
Jaguar,2004,XJ （X350）,クイックガイド,JJM 17 20 21 35,,1350,3,true
Jaguar,2004,XJ （X350）,タッチスクリーン取扱説明書,JJM 17 45 21 40,,1350,1,true
Jaguar,2004,XJ （X350）,リアマルチメディアクイックガイド,JJM 17 48 21 30,,1350,1,true
Jaguar,2004,XJ （X350）,整備手帳,JJM 17 23 21 40,,1350,2,true
Jaguar,2004,S-Type,取扱説明書 （04.5MY）,JJM 17 02 16 45,,1350,27,true
Jaguar,2004,S-Type,クイックガイド （04.5MY）,JJM 17 20 16 45,,1350,4,true
Jaguar,2004,S-Type,ナビ取扱説明書 （04.5MY）,JJM 17 45 16 45,,1350,5,true
Jaguar,2004,S-Type,整備手帳,JJM 17 23 16 45,,1350,3,true
Jaguar,2004,X-Type Saloon,ナビゲーションハンドブック,JJM 17 05 20 451,,1350,13,true
Jaguar,2004,X-Type Saloon,整備手帳 前期,JJM 17 23 20 42,,1350,2,true
Jaguar,2004,X-Type Estate,取扱説明書,JJM 17 02 20 452,,1350,3,true
Jaguar,2004,X-Type Estate,クイックガイド,JJM 17 20 20 452,,1350,21,true
Jaguar,2004,X-Type Estate,整備手帳  後期,JJM 17 23 20 451,,1350,6,true
Jaguar,2004,XK,取扱説明書 （04MY）,JJM 17 02 14/45,,1350,2,true
Jaguar,2004,XK,取扱説明書 （04.5MY）,JJM 17 02 14/45,,1350,2,true
Jaguar,2004,XK,クイックガイド,TQG 404X K8A,,1350,7,true
Jaguar,2004,XK,ナビ取扱説明書,JJM 17 05 14/40,,1350,3,true
Jaguar,2004,XK,ナビ取扱説明書 （新ナビ用）,JJM 17 05 14/40,,1350,9,true
Jaguar,2004,XK,オーディオハンドブック,JJM 17 03 14 45,,1350,8,true
Jaguar,2004,XK,整備手帳,JJM 17 23 14 45,,1350,3,true
Jaguar,2003,XJ （X350）,取扱説明書,JJM 17 02 21 30,,1350,14,true
Jaguar,2003,XJ （X350）,クイックガイド,JJM 17 20 21 30,,1350,16,true
Jaguar,2003,XJ （X350）,タッチスクリーン取扱説明書,JJM 17 45 21 30,,1350,2,true
Jaguar,2003,XJ （X350）,リアマルチメディアクイックガイド,JJM 17 48 21 30,,1350,12,true
Jaguar,2003,S-Type,取扱説明書,TOH 303X 20A,,1350,1,true
Jaguar,2003,S-Type,クイックガイド,TQG 303X 20A,,1350,5,true
Jaguar,2003,S-Type,整備手帳,TRN 206X 20A,,1350,5,true
Jaguar,2003,X-Type,取扱説明書,TOH 306X 40A,,1350,9,true
Jaguar,2003,X-Type,クイックガイド,TQG 312X 40A,,1350,13,true
Jaguar,2003,X-Type,ナビゲーションハンドブック,TNS 312X 40A,,1350,1,true
Jaguar,2003,XK,取扱説明書,TOH 311X K8A,,1350,15,true
Jaguar,2003,XK,クイックガイド,TQG 311X K8A,,1350,18,true
Jaguar,2003,XK,ナビ・VICS・TV説明書,TNS 311X K8A,,1350,17,true
Jaguar,2003,XK,オーディオシステムハンドブック,TOH 311X K8B,,1350,19,true
Jaguar,2003,XK,整備手帳,TRN 311X K8A,,1350,17,true
Jaguar,2002,X308,取扱説明書,TOH211XJ8A,,1350,6,true
Jaguar,2002,X308,オーディオシステム取扱説明書,TOH211XJ8B,,1350,7,true
Jaguar,2002,X308,クイックガイド,TQG211XJ8A,,1350,7,true
Jaguar,2002,X308,保守・点検・整備説明書,TOH211XJ8C,,1350,7,true
Jaguar,2002,X308,取扱説明書,TOH810XJ8A,,1350,1,true
Jaguar,2002,X308,オーディオシステム取扱説明書,TOH810XJ8B,,1350,1,true
Jaguar,2002,X308,クイックガイド,TQG810XJ8A,,1350,1,true
Jaguar,2002,X308,保守・点検・整備説明書,TOH810XJ8C,,1350,1,true
Jaguar,2002,S-Type,取扱説明書,TOH 206X 20A,,1350,4,true
Jaguar,2002,S-Type,クイックガイド,TQG 206X 20A,,1350,2,true
Jaguar,2002,S-Type,ナビゲーションハンドブック,TNS 206X 20A,,1350,3,true
Jaguar,2002,S-Type,整備手帳,TRN 206X 20A,,1350,2,true
Jaguar,2002,X-Type,取扱説明書,TOH 204X 40A,,1350,3,true
Jaguar,2002,X-Type,クイックガイド,TQG 204X 40A,,1350,3,true
Jaguar,2002,X-Type,ナビゲーションハンドブック,TNS 204X 40A,,1350,2,true
Jaguar,2002,X-Type,整備手帳,TRN 204X 40A,,1350,4,true
Jaguar,2002,XK,保守・点検・整備説明書,TOH 211X K8C,,1350,1,true
Jaguar,2002,XK,クイックガイド,TQG 211X K8B,,1350,1,true
Jaguar,2002,XK,オーディオシステムハンドブック,TOH 211X K8B,,1350,1,true
Jaguar,2001,XJ,取扱説明書,TOH 110XJ8A,,1350,6,true
Jaguar,2001,XJ,クイックガイド,TQG110XJ8A,,1350,6,true
Jaguar,2001,XJ,オーディオシステム取扱説明書,TOH110XJ8B,,1350,7,true
Jaguar,2001,XJ,保守・点検・整備説明書,TOH110XJ8Ｃ,,1350,7,true
Jaguar,2001,S-Type,取扱説明書,TOH 110X 20A,,1350,1,true
Jaguar,2001,S-Type,クイックガイド,TQG 110X 20A,,1350,2,true
Jaguar,2001,S-Type,オーディオシステムハンドブック,TOH 110X 20B,,1350,1,true
Jaguar,2001,X-Type,クイックガイド,TQG 108X 40A,,1350,2,true
Jaguar,2001,X-Type,ナビゲーションハンドブック,TNS 108X 40A,,1350,2,true
Jaguar,2001,X-Type,オーディオシステムハンドブック,TOH 108 X40B,,1350,13,true
Jaguar,2001,X-Type,整備手帳,TRN 108X 40A,,1350,1,true
Jaguar,2001,XK,取扱説明書 （ARTS付）,TQG110XK8A,,1350,1,true
Jaguar,2001,XK,取扱説明書 （ARTSなし）,TOH 110X K8A,,1350,5,true
Jaguar,2001,XK,クイックガイド,TOH110XK8A,,1350,10,true
Jaguar,2001,XK,保守・点検・整備説明書,TOH110XK8C,,1350,7,true
Jaguar,2001,XK,ナビゲーション/VICS/TVシステム取扱説明書,TNS110XK8A,,1350,7,true
Jaguar,2001,XK,オーディオシステム取扱説明書,TOH110XK8B,,1350,7,true
Jaguar,2000,XJ,2000MY クイックガイド,TQG010XJ8A,,1350,9,true
Jaguar,2000,X308,取扱説明書,TQG010XJ8A,,1350,6,true
Jaguar,2000,X308,オーディオシステム取扱説明書,TOH010XJ8B,,1350,6,true
Jaguar,2000,X308,クイックガイド,TOH010XJ8A,,1350,3,true
Jaguar,2000,X308,保守・点検・整備説明書,TOH010XJ8C,,1350,3,true
Jaguar,2000,S-Type,取扱説明書,TOH 004 X 20A,,1350,6,true
Jaguar,2000,XK,取扱説明書,TOH 010X K8A,,1350,1,true
Jaguar,2000,XK,保守・点検・整備説明書,TOH 010X K8C,,1350,1,true
Jaguar,2000,XK,ナビゲーション/VICS/TV説明書,TNS 010X K8A,,1350,8,true
Jaguar,1999,XJ,取扱説明書,TOH 912X J8A,,1350,2,true
Jaguar,1999,X308,保守・点検・整備説明書,TOH 912 XJ8C,,1350,2,true
Jaguar,1999,X308,オーディオシステム取扱説明書,TOH 912 XJ8B,,1350,2,true
Jaguar,1999,S-Type,取扱説明書,TOH 905 X 20A,,1350,4,true
Jaguar,1999,S-Type,ナビゲーション& TV ハンドブック,TNS 905 X 20A,,1350,17,true
Jaguar,1999,S-Type,オーディオシステムハンドブック,TOH 905 X 20B,,1350,8,true
Jaguar,1999,XK,保守・点検・整備説明書,TOH 912X K8C,,1350,1,true
Jaguar,1999,XK,オーディオシステムハンドブック,TOH 912X K8B,,1350,2,true
Jaguar,1998,X308,取扱説明書,TOH 810 XJ 8A,,1350,6,true
Jaguar,1998,X308,保守・点検・整備説明書,TOH 711 XJ 3C,,1350,4,true
Jaguar,1998,S-Type,クイックガイド,TQG 905 X 20A,,1350,1,true
Jaguar,1998,XK,オーディオハンドブック,TOH 810 XK 8B,,1350,6,true
Jaguar,1998,XK,保守・点検・整備説明書,TOH 810 XK 8C,,1350,3,true
Jaguar,1997,X300,オーディオハンドブック,TOH 711 XJ 3B,,1350,2,true
Jaguar,1996,X300,取扱説明書セット,TOH 611 XJ 3A,,1350,5,true
Jaguar,1996,X300,保守・点検・整備説明書,TOH 611 XJ 3C,,1350,2,true
Jaguar,1995,X300,オーディオハンドブック,TOH 507 XJ 3B,,1350,1,true
Jaguar,1995,X300,保守・点検・整備説明書,TOH 510 XJ 3C,,1350,3,true
Jaguar,1993,XJ-S,取扱説明書,TOH 308 XJSA,,1350,1,true
Jaguar,1993,XJ-S,取扱説明書 （補足）,TOH 311 XJSA,,1350,4,true
Jaguar,1993,XJ-S,保守・点検・整備説明書,TOH 311 XJSA,,1350,2,true
Jaguar,1991,XJ6 (XJ40),取扱説明書,JJM 17 02 05/10,,1350,1,true
Land Rover,2010,Vogue,ナビ取扱説明書,LRL 17 05 99 102,NH006-C,1350,5,true
Land Rover,2010,Vogue,パッセンジャーエンターテイメントシステム,LRL 17 35 99 103,OH006-PES,1350,12,true
Land Rover,2011,Discovery,クイックガイド,LRL 17 96 53 111,QG009-LA,1350,2,true
Land Rover,2011,Freelander2,クイックガイド,LRL 17 96 56 1111,QG202-LF,1350,16,true
Land Rover,2011,Vogue,クイックガイド,LRL 17 96 55 111,QG010-LM,1350,5,true
Land Rover,2012,Discovery,クイックガイド,LRL 17 96 53 1211,QG209-LA,1350,7,true
Land Rover,2012,Discovery,リヤシートエンターテインメント,LRL 17 48 59 121,,1350,31,true
Land Rover,2012,Discovery,取扱説明書,LRL 17 02 53 1211,OH209-LA,1350,7,true
Land Rover,2012,Freelander2,取扱説明書,LRL17 02 56 1121,OH202-LF,1350,13,true
Land Rover,2012,RR,ナビ取扱説明書,LRL 405 2012 112,,1350,3,true
Land Rover,2012,RR Sport,リヤシートエンターテインメント,LRL 17 53 54 131,,1350,9,true
Land Rover,2012,Vogue,クイックガイド,LRL 17 96 55 1211,QG205-LM,1350,14,true
Land Rover,2012,Vogue,ナビ取扱説明書,LRL 322 2012 07,NH007-C,1350,1,true
Land Rover,2012,Vogue,ナビ取扱説明書,LRL 322 2012 071,NH205-C,1350,5,true
Land Rover,2012,Vogue,取扱説明書,LRL 17 02 55 121,OH104-LM,1350,7,true
Land Rover,2012,Vogue,取扱説明書,LRL 17 02 55 1211,OH205-LM,1350,11,true
Land Rover,2013,Discovery,クイックガイド,LRL 17 96 59 131,,1350,20,true
Land Rover,2013,Discovery,ナビ取扱説明書（12MYにも使用可）,LRL 31 93 21 302,,1350,40,true
Land Rover,2013,Discovery,リヤシートエンターテインメント,LRL 17 48 59 1211,RSE209-LA,1350,10,true
Land Rover,2013,Discovery,取扱説明書,LRL 56 02 59 131,,1350,19,true
Land Rover,2013,Discovery,取扱説明書追補版,LSC 56 02 59 131,,1350,20,true
Land Rover,2013,Freelander2,クイックガイド,LRL 17 96 56 131,,1350,38,true
Land Rover,2013,Freelander2,取扱説明書,LRL 56 02 56 131,OH211-LF,1350,35,true
Land Rover,2013,RR,クイックガイド,LRL 17 96 61 132,,1350,20,true
Land Rover,2013,RR,ナビ取扱説明書,LRL 405 2013 05,,1350,17,true
Land Rover,2013,RR,リヤシートエンターテインメント,LRL 17 53 61 132,,1350,20,true
Land Rover,2013,RR,取扱説明書,LRL 56 02 61 132,,1350,19,true
Land Rover,2013,RR,整備記録簿（Freelander2の3.2リッターエンジン以外に使用可）,LRMN 1301,,1350,3,true
Land Rover,2013,RR,整備記録簿（Freelander2の3.2リッターエンジン以外に使用可）,LRMN 1305,,1350,8,true
Land Rover,2013,RR,整備記録簿（Freelander2の3.2リッターエンジン以外に使用可）,LRMN 1308,,1350,8,true
Land Rover,2013,RR,整備記録簿（Freelander2の3.2リッターエンジン以外に使用可）,LRMN 1310,,1350,13,true
Land Rover,2013,RR,整備記録簿（Freelander2の3.2リッターエンジン以外に使用可）,LRMN 1312,,1350,24,true
Land Rover,2013,RR Evoque,クイックガイド,LRL 17 96 60 131 MR02,,1350,38,true
Land Rover,2013,RR Evoque,取扱説明書,LRL 56 02 60 131 MR02,,1350,22,true
Land Rover,2013,RR Sport,クイックガイド,LRL 17 96 54 132,,1350,15,true
Land Rover,2013,RR Sport,リヤシートエンターテインメント,LRL 17 53 54 132,,1350,16,true
Land Rover,2013,RR Sport,取扱説明書（ロイヤルワラント削除）,LRL 17 02 54 132,,1350,14,true
Land Rover,2013,RR Sport,取扱説明書（ロイヤルワラント有）,LRL 17 02 54 131,OH206-LS,1350,4,true
Land Rover,2014,,ネットワーク,LRNW 14 11,,1350,3,true
Land Rover,2014,Discovery,クイックガイド,LRL 17 96 59 141 MR01,,1350,31,true
Land Rover,2014,Discovery,ナビ取扱説明書,LRL 31 92 01 409,,1350,19,true
Land Rover,2014,Discovery,ナビ取扱説明書,LRL 319 2014 02,,1350,4,true
Land Rover,2014,Discovery,取扱説明書,LRL 56 02 59 141 MR01,OH312-LA,1350,30,true
Land Rover,2014,Freelander2,クイックガイド,LRL 17 96 56 141,,1350,20,true
Land Rover,2014,Freelander2,ナビ取扱説明書,L359 2014 07,,1350,25,true
Land Rover,2014,Freelander2,取扱説明書,LRL 56 02 56 141,OH401-LF,1350,22,true
Land Rover,2014,RR,クイックガイド,LRL 17 96 61 142,,1350,20,true
Land Rover,2014,RR,ナビ取扱説明書,LRL 40 52 01 405,,1350,17,true
Land Rover,2014,RR,リヤシートエンターテインメント,LRL 17 53 61 142,,1350,13,true
Land Rover,2014,RR,取扱説明書,LRL56 02 61 142,OH408-LM,1350,24,true
Land Rover,2014,RR Evoque,クイックガイド,LRL 17 96 60 142,,1350,1,true
Land Rover,2014,RR Evoque,クイックガイド,LRL 17 96 60 142 MR01,,1350,99,true
Land Rover,2014,RR Evoque,ナビ取扱説明書,LRL 53 82 01 409,,1350,31,true
Land Rover,2014,RR Evoque,取扱説明書,LRL 56 02 60 141 MR01,,1350,88,true
Land Rover,2014,RR Sport,クイックガイド,LRL17 96 62 142,,1350,26,true
Land Rover,2014,RR Sport,ナビ取扱説明書,LRL 494 2013 10,,1350,6,true
Land Rover,2014,RR Sport,リヤシートエンターテインメント,LRL 17 53 62 142,,1350,30,true
Land Rover,2014,RR Sport,取扱説明書,LRL 56 02 62 142,OH408-LS,1350,23,true
Land Rover,2015,Discovery,クイックガイド,LRL 56 96 59 151 MR01,,1350,7,true
Land Rover,2015,Discovery,取扱説明書,LRL 56 02 59 151 MR01,OH504-LA,1350,5,true
Land Rover,2015,Discovery Sport,クイックガイド,LRL 56 96 63 151,,1350,16,true
Land Rover,2015,Discovery Sport,ナビ取扱説明書,LRL 550 2015 07,,1350,14,true
Land Rover,2015,Discovery Sport,取扱説明書,LRL 56 02 63 151,OH504-LC,1350,13,true
Land Rover,2015,Discovery Sport,整備記録簿,LRL WMM 2014 09,,1350,11,true
Land Rover,2015,Discovery Sport,整備記録簿,LRL WMM 2015 04,,1350,5,true
Land Rover,2015,Discovery Sport,整備記録簿,LRL WMM 2015 09,,1350,9,true
Land Rover,2015,Freelander2,クイックガイド,LRL 56 96 56 151,,1350,16,true
Land Rover,2015,Freelander2,取扱説明書,LRL 56 02 56 151,OH407-LF,1350,16,true
Land Rover,2015,RR (L405),クイックガイド,LRL 56 96 61 151 MR01,,1350,5,true
Land Rover,2015,RR (L405),クイックガイド,LRL 56 96 61 151 MR01,,1350,10,true
Land Rover,2015,RR (L405),リヤシートエンターテインメント,LRL 17 53 61 151 MR01,,0,6,true
Land Rover,2015,RR (L405),リヤシートエンターテインメント,LRL 17 53 61 151 MR01,,1350,10,true
Land Rover,2015,RR (L405),取扱説明書,LRL 56 02 61 151 MR01,OH507-LM,1350,2,true
Land Rover,2015,RR (L405),取扱説明書,LRL 56 02 61 151 MR01,,1350,10,true
Land Rover,2015,RR Evoque,クイックガイド,LRL 56 96 60 151 MR01,,1350,19,true
Land Rover,2015,RR Evoque,クイックガイド,LRL 56 96 60 151 MR01,,1350,10,true
Land Rover,2015,RR Evoque,取扱説明書,LRL 56 02 56 151 MR01,OH501-VB,1350,12,true
Land Rover,2015,RR Evoque,取扱説明書,LRL 56 02 56 151 MR01,OH501-VB,1350,10,true
Land Rover,2015,RR Sport,クイックガイド,LRL 56 96 62 151,,1350,18,true
Land Rover,2015,RR Sport,リヤシートエンターテインメント,LRL 17 53 62 151,,1350,18,true
Land Rover,2015,RR Sport,取扱説明書,LRL 56 02 62 151,OH412-LS,1350,17,true
Land Rover,2016,Discovery,クイックガイド,LRL 56 96 34 161 MR02,,1350,40,true
Land Rover,2016,Discovery,ナビ取扱説明書,LRL 319 2015 12,,1350,15,true
Land Rover,2016,Discovery,取扱説明書,LRL 56 02 59 161 MR01,,1350,6,true
Land Rover,2016,Discovery,取扱説明書,LRL 56 02 59 161 MR02,,1350,38,true
Land Rover,2016,Discovery Sport,B-CASカード使用許諾契約約款,LRBCC 2016 08,,1350,29,true
Land Rover,2016,Discovery Sport,クイックガイド,LRL 56 96 63 161 MR03,,1350,35,true
Land Rover,2016,Discovery Sport,ナビ取扱説明書,LRL 550 2016 07,,1350,30,true
Land Rover,2016,Discovery Sport,保証書・整備記録簿統一本,LRL WMM 2016 05,,1350,29,true
Land Rover,2016,Discovery Sport,取扱説明書,LRL 56 02 63 161 MR03,,1350,47,true
Land Rover,2016,RR (L405),クイックガイド,LRL 56 96 61 161 MR01,,1350,29,true
Land Rover,2016,RR (L405),ナビ取扱説明書,LRL 405 2016 04,,1350,28,true
Land Rover,2016,RR (L405),リヤシートエンターテインメント,LRL 17 53 61 161 MR01,,1350,29,true
Land Rover,2016,RR (L405),取扱説明書,LRL 56 02 61 161 MR01,OH602-LM,1350,31,true
Land Rover,2016,RR Evoque,クイックガイド,LRL 56 96 60 161 MR03,,1350,38,true
Land Rover,2016,RR Evoque,ナビ取扱説明書,LRL 538 2016 08,,1350,34,true
Land Rover,2016,RR Evoque,取扱説明書,LRL 56 02 60 161 MR03,,1350,1,true
Land Rover,2016,RR Evoque,取扱説明書,LRL 56 02 60 161 MR03,OH602-VB,1350,32,true
Land Rover,2016,RR Evoque,取扱説明書,LRL 56 02 60 161 MR03,OH608-VB,1350,2,true
Land Rover,2016,RR Sport,クイックガイド,LRL 56 96 62 161 MR02,,1350,35,true
Land Rover,2016,RR Sport,ナビ取扱説明書,LRL 494 2016 06,,1350,35,true
Land Rover,2016,RR Sport,リヤシートエンターテインメント,LRL 17 53 62 161 MR02,,1350,35,true
Land Rover,2016,RR Sport,取扱説明書,LRL 56 02 62 161,,1350,2,true
Land Rover,2016,RR Sport,取扱説明書,LRL 56 02 62 161 MR01,,1350,12,true
Land Rover,2016,RR Sport,取扱説明書,LRL 56 02 62 161 MR02,,1350,22,true
Land Rover,2017,Discovery,保証書・整備記録簿統一本,LRL WMM 2017 07,,1350,30,true
Land Rover,2017,Discovery,取扱説明書,LRL 56 02 64 172,,1350,1,true
Land Rover,2017,Discovery Sport,取扱説明書,LRL 56 02 63 172,,1350,21,true
Land Rover,2017,RR Evoque,取扱説明書,LRL 56 02 60 172,,1350,52,true
Land Rover,2018,,ETC2.0車載器取扱説明書,LRL ETC 2018 03,,1350,19,true
Land Rover,2018,Discovery,取扱説明書,LRL 56 02 64 181,,1350,4,true
Land Rover,2018,Discovery Sport,取扱説明書,LRL 56 02 63 181,,1350,0,true
Land Rover,2018,RR (L405),取扱説明書,LRL 56 02 61 0181,,1350,1,true
Land Rover,2018,RR Sport,取扱説明書,LRL 56 02 62 181,,1350,1,true
Land Rover,2019,Discovery,取扱説明書,LRL 56 02 64 191,,1350,7,true
Land Rover,2019,Discovery Sport,取扱説明書,LRL 56 02 63 191,,1350,4,true
Land Rover,2019,RR (L405),取扱説明書,LRL 56 02 61 191,,1350,4,true
Land Rover,2019,RR Sport,取扱説明書,LRL 56 02 62 191,,1350,4,true
Land Rover,2019,Velar,取扱説明書,LRL 56 02 65 191,,1350,1,true
Land Rover,2020,Defender,取扱説明書,LRL 56 02 68 202,,1350,5,true
Land Rover,2020,Discovery,取扱説明書,LRL 56 02 64 201,,1350,3,true
Land Rover,2020,Discovery Sport,取扱説明書,LRL 56 02 63 201,,1350,2,true
Land Rover,2020,RR (L405),取扱説明書,LRL 56 02 61 201,,1350,3,true
Land Rover,2020,Velar,取扱説明書,LRL 56 02 65 201,,1350,0,true
Land Rover,2021,Defender,取扱説明書,LRL 56 02 68 211,,1350,2,true
Land Rover,2021,Discovery,取扱説明書,LRL 56 02 64 211,,1350,2,true
Land Rover,2021,Discovery Sport,取扱説明書,LRL 56 02 63 211,,1350,2,true
Land Rover,2021,RR (L405),取扱説明書,LRL 56 02 61 211,,1350,1,true
Land Rover,2021,RR Sport,取扱説明書,LRL 56 02 62 211,,1350,2,true